{
    "fuel": {
        "900": {
            "BETA_EFF": [
                0.000229039,
                0.00119235,
                0.00111435,
                0.00253737,
                0.00102518,
                0.000432663
            ],
            "CHI_D": [
                1.0,
                0.0
            ],
            "CHI_P": [
                1.0,
                0.0
            ],
            "CHI_T": [
                1.0,
                0.0
            ],
            "DECAY_CONSTANT": [
                0.0133364,
                0.0327379,
                0.120783,
                0.302804,
                0.849624,
                2.85342
            ],
            "DIFFCOEF": [
                0.0119405,
                0.0114598
            ],
            "FISSE": [
                202.29,
                202.27
            ],
            "FISSXS": [
                0.0752679,
                1.10809
            ],
            "GTRANSFXS": [
                30.802699999999998,
                0.303224,
                0.145675,
                28.904400000000003
            ],
            "NSF": [
                0.183588,
                2.7000699999999997
            ],
            "RECIPVEL": [
                1.17874e-05,
                0.000207989
            ],
            "REMXS": [
                0.574627,
                1.6415099999999998
            ]
        },
        "temp": [
            900
        ]
    },
    "graphite": {
        "900": {
            "BETA_EFF": [
                0.0,
                0.0,
                0.0,
                0.0,
                0.0,
                0.0
            ],
            "CHI_D": [
                0.0,
                0.0
            ],
            "CHI_P": [
                0.0,
                0.0
            ],
            "CHI_T": [
                0.0,
                0.0
            ],
            "DECAY_CONSTANT": [
                0.0,
                0.0,
                0.0,
                0.0,
                0.0,
                0.0
            ],
            "DIFFCOEF": [
                0.00952701,
                0.00753489
            ],
            "FISSE": [
                0.0,
                0.0
            ],
            "FISSXS": [
                0.0,
                0.0
            ],
            "GTRANSFXS": [
                39.9044,
                0.509174,
                0.20909499999999998,
                45.0643
            ],
            "NSF": [
                0.0,
                0.0
            ],
            "RECIPVEL": [
                1.1964999999999998e-05,
                0.00020834600000000001
            ],
            "REMXS": [
                0.527278,
                0.515494
            ]
        },
        "temp": [
            900
        ]
    }
}