{
    "fuel": {
        "900": {
            "BETA_EFF": [
                0.000229039,
                0.00119235,
                0.00111435,
                0.00253737,
                0.00102518,
                0.000432663
            ],
            "CHI_D": [
                1.0,
                0.0
            ],
            "CHI_P": [
                1.0,
                0.0
            ],
            "CHI_T": [
                1.0,
                0.0
            ],
            "DECAY_CONSTANT": [
                0.0133364,
                0.0327379,
                0.120783,
                0.302804,
                0.849624,
                2.85342
            ],
            "DIFFCOEF": [
                1.19405,
                1.14598
            ],
            "FISSE": [
                202.29,
                202.27
            ],
            "FISSXS": [
                0.000752679,
                0.0110809
            ],
            "GTRANSFXS": [
                0.308027,
                0.00303224,
                0.00145675,
                0.289044
            ],
            "NSF": [
                0.00183588,
                0.0270007
            ],
            "RECIPVEL": [
                1.17874e-07,
                2.07989e-06
            ],
            "REMXS": [
                0.00574627,
                0.0164151
            ]
        },
        "temp": [
            900
        ]
    },
    "graphite": {
        "900": {
            "BETA_EFF": [
                0.0,
                0.0,
                0.0,
                0.0,
                0.0,
                0.0
            ],
            "CHI_D": [
                0.0,
                0.0
            ],
            "CHI_P": [
                0.0,
                0.0
            ],
            "CHI_T": [
                0.0,
                0.0
            ],
            "DECAY_CONSTANT": [
                0.0,
                0.0,
                0.0,
                0.0,
                0.0,
                0.0
            ],
            "DIFFCOEF": [
                0.952701,
                0.753489
            ],
            "FISSE": [
                0.0,
                0.0
            ],
            "FISSXS": [
                0.0,
                0.0
            ],
            "GTRANSFXS": [
                0.399044,
                0.00509174,
                0.00209095,
                0.450643
            ],
            "NSF": [
                0.0,
                0.0
            ],
            "RECIPVEL": [
                1.1965e-07,
                2.08346e-06
            ],
            "REMXS": [
                0.00527278,
                0.00515494
            ]
        },
        "temp": [
            900
        ]
    }
}